levier,regle
Elevage durable,exclu
Changements de pratiques de fertilisation azotée,exclu
Bâtiments & Machines agricoles,exclu
Gestion des prairies,exclu
Production Industrielle,exclu
Captage de méthane dans les ISDND,exclu
Biogaz,exclu
Efficacité et sobriété logistique,exclu
Fret décarboné et multimodalité,exclu
Sobriété et isolation des bâtiments (tertiaire),toujours_ouvert
Changement de chaudière à fioul (tertiaire),toujours_ouvert
Changement de chaudière à gaz (tertiaire),toujours_ouvert
Véhicules électriques,toujours_ouvert
Réduction des déplacements,toujours_ouvert
Prévention des déchets,toujours_ouvert
Valorisation matière des déchets,toujours_ouvert
Electricité renouvelable,toujours_ouvert
Covoiturage,toujours_ouvert
Vélo et transport en commun,toujours_ouvert
Sobriété foncière,toujours_ouvert
Gestion des forêts et produits bois,toujours_ouvert
Gestion des haies,toujours_ouvert
